nombre, apellido paterno, apellido materno, email
José,García,Pérez,José.García.Pérez@mail.com
Juan,González,Martínez,Juan.González.Martínez@mail.com
María,Rodríguez,Hernández,María.Rodríguez.Hernández@mail.com
Guadalupe,Martínez,García,Guadalupe.Martínez.García@mail.com
Francisco,Hernández,Rodríguez,
Antonio,Sánchez,Martínez,
Jesús,Pérez,Gómez,
Pedro,Gómez,Torres,
Manuel,Torres,Flores,
Luis,Flores,Ramírez,
Miguel,Ramírez,Romero,
Carlos,Romero,Morales
Alejandro,Morales,Reyes
Jorge,Reyes,Cruz
Fernando,Cruz,Ortiz
Eduardo,Morales,Vargas
Roberto,Ortiz,Jiménez
Daniel,Vargas,Aguilar
Rafael,Jiménez,Mendoza
Ricardo,Aguilar,Castro
Javier,Mendoza,Ruiz
Marta,Castro,Silva
Patricia,Ruiz,Ríos
Laura,Rivera,Medina
Carmen,Silva,Delgado
Elizabeth,Ríos,Paredes
Adriana,Méndez,Velázquez
Rosa,Medina,Ramos
Verónica,Delgado,Fuentes
Gabriela,Paredes,Peña
Roberto,Velázquez,Gallegos
Sergio,Ramos,Barrera
Arturo,Fuentes,Morales
Raúl,Ponce,Morales
Gerardo,Cervantes,Morales
Claudia,Castillo,Zúñiga
Alma,Zúñiga,Esparza
Mario,Figueroa,Estrada
Oscar,Juárez,Camacho
Enrique,Espinoza,Palacios
Diana,Valencia,Montes
Brenda,Márquez,Montoya
Isaac,Maldonado,Esquivel
Mariana,Rangel,Nava
Erika,Franco,Tovar
Jorge,Peña,Tapia
Rubén,Gallegos,Olvera
Rosa,Barrera,Acosta
Andrés,Morales,Pacheco
Eduardo,Guzmán,Robles
Martha,Soto,Rivas
Angélica,León,Delgadillo
José,Esparza,Ibarra
Silvia,Estrada,Zavala
Paula,Camacho,Bernal
Ramón,Palacios,Duarte
Mayra,Montes,Espejo
Carolina,Montoya,Aguirre
Beatriz,Esquivel,Arroyo
Lorena,Nava,Paredes
Omar,Tovar,Salcedo
Alexis,Tapia,Luna
Joel,Olvera,Elizondo
Victoria,Acosta,Barajas
Samantha,Pacheco,Miranda
Abraham,Robles,Serrano
Humberto,Rivas,Galindo
Rosa,Delgadillo,Pantoja
Rosario,Ibarra,Alvarado
Raquel,Zavala,Ochoa
Aarón,Bernal,Solís
Alejandro,Duarte,Chávez
Marina,Espejo,Rueda
Ernesto,Aguirre,Huerta
Cesar,Arroyo,Villegas
Norma,Paredes,Escobedo
Luz,Salcedo,Rojas
Agustín,Luna,Cordero